{"names": ["adhirasam", "aloo_gobi", "aloo_matar", "aloo_methi", "aloo_sabji", "aloo_shimla_mirch", "aloo_tikki", "anarsa", "apple", "banana", "beans", "bhindi_masala", "biryani", "bitter_gourd_podi", "black_grapes", "blueberry", "boiled_egg", "boondi", "bread", "bread_bun", "bread_omelette", "brinjal_gravy", "bruschetta", "burger", "butter_chicken", "buttermilk", "cabbage", "caesar_salad", "cake", "capsicum", "cashew_nuts", "cauliflower", "chai", "channa_masala", "cherry", "chicken", "chicken_biryani", "chicken_curry", "chicken_gravy", "chicken_leg_piece", "chicken_nuggets", "chicken_tikka", "chicken_waffle", "chicken_wings", "chilli", "chilli_chutney", "chinese_cabbage", "chinese_sausage", "chocolate_cake", "chocolate_syrup", "chole_bhature", "chole_masala", "chowmein", "coconut_chutney", "cookie", "coriander", "coriander_chutney", "corn", "crabs", "cucumber", "cup_cakes", "curd", "curd_rice", "curry", "custurd", "dabeli", "dahi", "dal", "dal_makhni", "dal_tadka", "dhokla", "donut", "donuts", "dosa", "dragon_fruit", "dry_curry", "egg", "egg_gravy", "fired_chicken", "fish_curry", "fish_fry", "french_fries", "french_toast", "fried_chicken", "fried_dumplings", "fried_eggs", "fried_idli", "fried_potato", "fried_rice", "fruits", "garlic", "garlic_bread", "garlic_chutney", "ginger", "gobi", "gulab_jamun", "hashbrown", "hummus", "ice_cream", "idli", "jalebi", "kachori", "kadhai_panner", "kadhi", "kajjikaya", "kalakand", "karela_sabji", "kesari", "kheer", "kiwi", "kofta", "kulfi", "kuli_paniyaram", "kung_pao_chicken", "kurma", "lachha_paratha", "ladoo", "lassi", "lemon", "litti_chokha", "malai_kofta", "manchurian", "mango", "mashed_potato", "mayonnaise", "medu_vada", "methi_thepla", "mint_chutney", "missi_roti", "modak", "momos", "mung_bean_sprouts", "mushroom_crabs_dish", "mysore_chutney", "naan", "nachos", "nugget", "nuts", "omelette", "onion", "orange", "pakora", "palak_panner", "pancake", "paneer_masala", "pani_puri", "panner", "panner_sabji", "papad", "paratha", "pasta", "pav_bhaji", "payasam", "perkedel", "pickle", "pineapple", "pizza", "poha", "pomegranate", "pongal", "potato", "prawn_fry", "prawn_gravy", "pulao", "puri", "rabri", "ras_malai", "rasam", "rice", "rice_chilla", "rice_with_aloo_sabji", "roll", "rose_milk", "roti", "salad", "salna", "sambhar", "samosa", "sandwich", "shrimp_and_grits", "soft_drink", "spring_roll", "sprite", "strawberry", "string_bean_chicken_breast", "super_greens", "sweet_pongal", "tamarind_rice", "tandoori-chicken", "toast", "tomato", "tomato_ketchup", "tostitos_cheese_dip_sauce", "triangle_hash_brown", "tuna_tartare", "vadapav", "veg_biryani", "vegetables_sabji", "vegies", "waffle", "water_spinach", "watermelon"], "yaml": {"nc": 202, "depth_multiple": 0.33, "width_multiple": 0.5, "backbone": [[-1, 1, "Conv", [64, 3, 2]], [-1, 1, "Conv", [128, 3, 2]], [-1, 3, "C2f", [128, true]], [-1, 1, "Conv", [256, 3, 2]], [-1, 6, "C2f", [256, true]], [-1, 1, "Conv", [512, 3, 2]], [-1, 6, "C2f", [512, true]], [-1, 1, "Conv", [1024, 3, 2]], [-1, 3, "C2f", [1024, true]], [-1, 1, "SPPF", [1024, 5]]], "head": [[-1, 1, "nn.Upsample", ["None", 2, "nearest"]], [[-1, 6], 1, "Concat", [1]], [-1, 3, "C2f", [512]], [-1, 1, "nn.Upsample", ["None", 2, "nearest"]], [[-1, 4], 1, "Concat", [1]], [-1, 3, "C2f", [256]], [-1, 1, "Conv", [256, 3, 2]], [[-1, 12], 1, "Concat", [1]], [-1, 3, "C2f", [512]], [-1, 1, "Conv", [512, 3, 2]], [[-1, 9], 1, "Concat", [1]], [-1, 3, "C2f", [1024]], [[15, 18, 21], 1, "Detect", ["nc"]]], "ch": 3}, "nc": 202, "args": {"model": "yolov8s.pt", "batch": 16, "imgsz": 800}, "ultralytics_version": "8.0.196", "model_type": "yolov8"}